"SectorCode","Flowable","ReliabilityScore","TemporalCorrelation","GeographicalCorrelation","TechnologicalCorrelation","DataCollection"
"1111A0","Carbon dioxide",3,2,1,4,1
"1111A0","Methane",4,2,1,1,1
"1111A0","Nitrous oxide",4,2,1,4,1
"1111A0","Other Greenhouse Gases",3,2,1,4,1
"1111B0","Carbon dioxide",4,2,1,4,1
"1111B0","Methane",2,2,1,1,1
"1111B0","Nitrous oxide",4,2,1,4,1
"1111B0","Other Greenhouse Gases",3,2,1,4,1
"111200","Carbon dioxide",3,2,1,4,1
"111200","Methane",4,2,1,1,1
"111200","Nitrous oxide",4,2,1,4,1
"111200","Other Greenhouse Gases",3,2,1,4,1
"111300","Carbon dioxide",4,2,1,4,1
"111300","Methane",3,2,1,1,1
"111300","Nitrous oxide",4,2,1,4,1
"111300","Other Greenhouse Gases",3,2,1,4,1
"111400","Carbon dioxide",4,2,1,4,1
"111400","Methane",4,2,1,1,1
"111400","Nitrous oxide",4,2,1,4,1
"111400","Other Greenhouse Gases",4,2,1,4,1
"111900","Carbon dioxide",3,2,1,4,1
"111900","Methane",3,2,1,1,1
"111900","Nitrous oxide",4,2,1,4,1
"111900","Other Greenhouse Gases",3,2,1,4,1
"112120","Carbon dioxide",3,2,1,4,1
"112120","Methane",3,2,1,1,1
"112120","Nitrous oxide",4,2,1,3,1
"112120","Other Greenhouse Gases",3,2,1,4,1
"1121A0","Carbon dioxide",4,2,1,4,1
"1121A0","Methane",4,2,1,1,1
"1121A0","Nitrous oxide",4,2,1,4,1
"1121A0","Other Greenhouse Gases",4,2,1,4,1
"112300","Carbon dioxide",4,2,1,4,1
"112300","Methane",3,2,1,1,1
"112300","Nitrous oxide",4,2,1,3,1
"112300","Other Greenhouse Gases",4,2,1,4,1
"112A00","Carbon dioxide",4,2,1,4,1
"112A00","Methane",2,2,1,1,1
"112A00","Nitrous oxide",4,2,1,4,1
"112A00","Other Greenhouse Gases",4,2,1,4,1
"113000","Carbon dioxide",4,2,1,4,1
"113000","Methane",3,2,1,1,1
"113000","Nitrous oxide",4,2,1,3,1
"113000","Other Greenhouse Gases",4,2,1,4,1
"114000","Carbon dioxide",4,2,1,4,1
"114000","Methane",4,2,1,1,1
"114000","Nitrous oxide",4,2,1,4,1
"114000","Other Greenhouse Gases",3,2,1,4,1
"115000","Carbon dioxide",3,2,1,3,1
"115000","Methane",3,2,1,1,1
"115000","Nitrous oxide",3,2,1,2,1
"115000","Other Greenhouse Gases",3,2,1,4,1
"211000","Carbon dioxide",3,2,1,3,1
"211000","Methane",4,2,1,1,1
"211000","Nitrous oxide",3,2,1,3,1
"211000","Other Greenhouse Gases",3,2,1,3,1
"212100","Carbon dioxide",3,2,1,4,1
"212100","Methane",4,2,1,1,1
"212100","Nitrous oxide",3,2,1,2,1
"212100","Other Greenhouse Gases",3,2,1,4,1
"212230","Carbon dioxide",4,2,1,4,1
"212230","Methane",4,2,1,1,1
"212230","Nitrous oxide",3,2,1,3,1
"212230","Other Greenhouse Gases",3,2,1,3,1
"2122A0","Carbon dioxide",4,2,1,2,1
"2122A0","Methane",4,2,1,1,1
"2122A0","Nitrous oxide",4,2,1,3,1
"2122A0","Other Greenhouse Gases",3,2,1,2,1
"212310","Carbon dioxide",3,2,1,4,1
"212310","Methane",4,2,1,1,1
"212310","Nitrous oxide",4,2,1,3,1
"212310","Other Greenhouse Gases",4,2,1,4,1
"2123A0","Carbon dioxide",3,2,1,4,1
"2123A0","Methane",4,2,1,1,1
"2123A0","Nitrous oxide",4,2,1,3,1
"2123A0","Other Greenhouse Gases",3,2,1,4,1
"213111","Carbon dioxide",3,2,1,4,1
"213111","Methane",4,2,1,1,1
"213111","Nitrous oxide",4,2,1,4,1
"213111","Other Greenhouse Gases",3,2,1,4,1
"21311A","Carbon dioxide",4,2,1,4,1
"21311A","Methane",3,2,1,1,1
"21311A","Nitrous oxide",4,2,1,3,1
"21311A","Other Greenhouse Gases",3,2,1,3,1
"221100","Carbon dioxide",2,2,1,2,1
"221100","Methane",4,2,1,1,1
"221100","Nitrous oxide",2,2,1,2,1
"221100","Other Greenhouse Gases",2,2,1,2,1
"221200","Carbon dioxide",3,2,1,2,1
"221200","Methane",4,2,1,1,1
"221200","Nitrous oxide",3,2,1,3,1
"221200","Other Greenhouse Gases",3,2,1,4,1
"221300","Carbon dioxide",3,2,1,3,1
"221300","Methane",4,2,1,1,1
"221300","Nitrous oxide",4,2,1,1,1
"221300","Other Greenhouse Gases",3,2,1,2,1
"230301","Carbon dioxide",3,2,1,4,1
"230301","Methane",4,2,1,1,1
"230301","Nitrous oxide",3,2,1,3,1
"230301","Other Greenhouse Gases",4,2,1,5,1
"230302","Carbon dioxide",3,2,1,4,1
"230302","Methane",3,2,1,1,1
"230302","Nitrous oxide",3,2,1,3,1
"230302","Other Greenhouse Gases",4,2,1,5,1
"233210","Carbon dioxide",3,2,1,4,1
"233210","Methane",4,2,1,1,1
"233210","Nitrous oxide",3,2,1,3,1
"233210","Other Greenhouse Gases",4,2,1,5,1
"233230","Carbon dioxide",3,2,1,3,1
"233230","Methane",4,2,1,1,1
"233230","Nitrous oxide",3,2,1,3,1
"233230","Other Greenhouse Gases",4,2,1,5,1
"233240","Carbon dioxide",3,2,1,4,1
"233240","Methane",4,2,1,1,1
"233240","Nitrous oxide",3,2,1,3,1
"233240","Other Greenhouse Gases",4,2,1,5,1
"233262","Carbon dioxide",3,2,1,3,1
"233262","Methane",4,2,1,1,1
"233262","Nitrous oxide",3,2,1,2,1
"233262","Other Greenhouse Gases",4,2,1,5,1
"2332A0","Carbon dioxide",3,2,1,3,1
"2332A0","Methane",4,2,1,1,1
"2332A0","Nitrous oxide",3,2,1,3,1
"2332A0","Other Greenhouse Gases",4,2,1,5,1
"2332C0","Carbon dioxide",4,2,1,4,1
"2332C0","Methane",4,2,1,1,1
"2332C0","Nitrous oxide",3,2,1,3,1
"2332C0","Other Greenhouse Gases",4,2,1,5,1
"2332D0","Carbon dioxide",3,2,1,4,1
"2332D0","Methane",4,2,1,1,1
"2332D0","Nitrous oxide",3,2,1,2,1
"2332D0","Other Greenhouse Gases",4,2,1,5,1
"233411","Carbon dioxide",3,2,1,3,1
"233411","Methane",3,2,1,1,1
"233411","Nitrous oxide",3,2,1,2,1
"233411","Other Greenhouse Gases",4,2,1,5,1
"233412","Carbon dioxide",3,2,1,3,1
"233412","Methane",3,2,1,1,1
"233412","Nitrous oxide",3,2,1,2,1
"233412","Other Greenhouse Gases",4,2,1,5,1
"2334A0","Carbon dioxide",3,2,1,4,1
"2334A0","Methane",4,2,1,1,1
"2334A0","Nitrous oxide",3,2,1,3,1
"2334A0","Other Greenhouse Gases",4,2,1,5,1
"311111","Carbon dioxide",3,2,1,4,1
"311111","Methane",3,2,1,1,1
"311111","Nitrous oxide",4,2,1,4,1
"311111","Other Greenhouse Gases",3,2,1,3,1
"311119","Carbon dioxide",4,2,1,4,1
"311119","Methane",3,2,1,1,1
"311119","Nitrous oxide",4,2,1,4,1
"311119","Other Greenhouse Gases",4,2,1,4,1
"311210","Carbon dioxide",3,2,1,4,1
"311210","Methane",3,2,1,1,1
"311210","Nitrous oxide",4,2,1,4,1
"311210","Other Greenhouse Gases",4,2,1,4,1
"311221","Carbon dioxide",4,2,1,4,1
"311221","Methane",3,2,1,1,1
"311221","Nitrous oxide",4,2,1,4,1
"311221","Other Greenhouse Gases",4,2,1,4,1
"311224","Carbon dioxide",4,2,1,4,1
"311224","Methane",4,2,1,1,1
"311224","Nitrous oxide",4,2,1,4,1
"311224","Other Greenhouse Gases",4,2,1,4,1
"311225","Carbon dioxide",4,2,1,4,1
"311225","Methane",3,2,1,1,1
"311225","Nitrous oxide",4,2,1,4,1
"311225","Other Greenhouse Gases",4,2,1,4,1
"311230","Carbon dioxide",3,2,1,4,1
"311230","Methane",3,2,1,1,1
"311230","Nitrous oxide",4,2,1,4,1
"311230","Other Greenhouse Gases",4,2,1,5,1
"311300","Carbon dioxide",3,2,1,4,1
"311300","Methane",3,2,1,1,1
"311300","Nitrous oxide",4,2,1,4,1
"311300","Other Greenhouse Gases",4,2,1,4,1
"311410","Carbon dioxide",3,2,1,4,1
"311410","Methane",3,2,1,1,1
"311410","Nitrous oxide",4,2,1,4,1
"311410","Other Greenhouse Gases",4,2,1,4,1
"311420","Carbon dioxide",3,2,1,4,1
"311420","Methane",3,2,1,1,1
"311420","Nitrous oxide",4,2,1,4,1
"311420","Other Greenhouse Gases",4,2,1,5,1
"311513","Carbon dioxide",3,2,1,4,1
"311513","Methane",3,2,1,1,1
"311513","Nitrous oxide",4,2,1,3,1
"311513","Other Greenhouse Gases",4,2,1,4,1
"311514","Carbon dioxide",3,2,1,4,1
"311514","Methane",3,2,1,1,1
"311514","Nitrous oxide",4,2,1,3,1
"311514","Other Greenhouse Gases",4,2,1,4,1
"31151A","Carbon dioxide",3,2,1,4,1
"31151A","Methane",3,2,1,1,1
"31151A","Nitrous oxide",4,2,1,3,1
"31151A","Other Greenhouse Gases",4,2,1,4,1
"311520","Carbon dioxide",3,2,1,4,1
"311520","Methane",3,2,1,1,1
"311520","Nitrous oxide",4,2,1,3,1
"311520","Other Greenhouse Gases",4,2,1,5,1
"311615","Carbon dioxide",4,2,1,4,1
"311615","Methane",3,2,1,1,1
"311615","Nitrous oxide",4,2,1,4,1
"311615","Other Greenhouse Gases",4,2,1,4,1
"31161A","Carbon dioxide",4,2,1,4,1
"31161A","Methane",4,2,1,1,1
"31161A","Nitrous oxide",4,2,1,4,1
"31161A","Other Greenhouse Gases",4,2,1,4,1
"311700","Carbon dioxide",4,2,1,4,1
"311700","Methane",2,2,1,1,1
"311700","Nitrous oxide",4,2,1,4,1
"311700","Other Greenhouse Gases",4,2,1,4,1
"311810","Carbon dioxide",3,2,1,4,1
"311810","Methane",3,2,1,1,1
"311810","Nitrous oxide",4,2,1,4,1
"311810","Other Greenhouse Gases",4,2,1,4,1
"3118A0","Carbon dioxide",3,2,1,4,1
"3118A0","Methane",3,2,1,1,1
"3118A0","Nitrous oxide",4,2,1,4,1
"3118A0","Other Greenhouse Gases",4,2,1,5,1
"311910","Carbon dioxide",3,2,1,4,1
"311910","Methane",3,2,1,1,1
"311910","Nitrous oxide",4,2,1,4,1
"311910","Other Greenhouse Gases",4,2,1,4,1
"311920","Carbon dioxide",3,2,1,4,1
"311920","Methane",4,2,1,1,1
"311920","Nitrous oxide",4,2,1,4,1
"311920","Other Greenhouse Gases",3,2,1,4,1
"311930","Carbon dioxide",4,2,1,4,1
"311930","Methane",3,2,1,1,1
"311930","Nitrous oxide",4,2,1,4,1
"311930","Other Greenhouse Gases",4,2,1,4,1
"311940","Carbon dioxide",3,2,1,4,1
"311940","Methane",3,2,1,1,1
"311940","Nitrous oxide",4,2,1,4,1
"311940","Other Greenhouse Gases",4,2,1,4,1
"311990","Carbon dioxide",3,2,1,4,1
"311990","Methane",3,2,1,1,1
"311990","Nitrous oxide",4,2,1,4,1
"311990","Other Greenhouse Gases",4,2,1,4,1
"312110","Carbon dioxide",3,2,1,3,1
"312110","Methane",3,2,1,1,1
"312110","Nitrous oxide",4,2,1,4,1
"312110","Other Greenhouse Gases",3,2,1,3,1
"312120","Carbon dioxide",3,2,1,4,1
"312120","Methane",3,2,1,1,1
"312120","Nitrous oxide",4,2,1,4,1
"312120","Other Greenhouse Gases",3,2,1,3,1
"312130","Carbon dioxide",3,2,1,3,1
"312130","Methane",3,2,1,1,1
"312130","Nitrous oxide",4,2,1,4,1
"312130","Other Greenhouse Gases",3,2,1,3,1
"312140","Carbon dioxide",3,2,1,4,1
"312140","Methane",3,2,1,1,1
"312140","Nitrous oxide",4,2,1,4,1
"312140","Other Greenhouse Gases",3,2,1,4,1
"312200","Carbon dioxide",3,2,1,3,1
"312200","Methane",4,2,1,1,1
"312200","Nitrous oxide",4,2,1,4,1
"312200","Other Greenhouse Gases",3,2,1,3,1
"313100","Carbon dioxide",3,2,1,3,1
"313100","Methane",3,2,1,1,1
"313100","Nitrous oxide",4,2,1,4,1
"313100","Other Greenhouse Gases",3,2,1,3,1
"313200","Carbon dioxide",3,2,1,4,1
"313200","Methane",3,2,1,1,1
"313200","Nitrous oxide",4,2,1,4,1
"313200","Other Greenhouse Gases",3,2,1,3,1
"313300","Carbon dioxide",3,2,1,4,1
"313300","Methane",3,2,1,1,1
"313300","Nitrous oxide",4,2,1,4,1
"313300","Other Greenhouse Gases",3,2,1,3,1
"314110","Carbon dioxide",3,2,1,3,1
"314110","Methane",3,2,1,1,1
"314110","Nitrous oxide",4,2,1,4,1
"314110","Other Greenhouse Gases",3,2,1,4,1
"314120","Carbon dioxide",3,2,1,3,1
"314120","Methane",3,2,1,1,1
"314120","Nitrous oxide",4,2,1,4,1
"314120","Other Greenhouse Gases",3,2,1,3,1
"314900","Carbon dioxide",3,2,1,3,1
"314900","Methane",3,2,1,1,1
"314900","Nitrous oxide",4,2,1,4,1
"314900","Other Greenhouse Gases",3,2,1,3,1
"315000","Carbon dioxide",3,2,1,3,1
"315000","Methane",3,2,1,1,1
"315000","Nitrous oxide",4,2,1,4,1
"315000","Other Greenhouse Gases",3,2,1,4,1
"316000","Carbon dioxide",3,2,1,4,1
"316000","Methane",4,2,1,1,1
"316000","Nitrous oxide",4,2,1,4,1
"316000","Other Greenhouse Gases",3,2,1,4,1
"321100","Carbon dioxide",3,2,1,3,1
"321100","Methane",3,2,1,1,1
"321100","Nitrous oxide",4,2,1,4,1
"321100","Other Greenhouse Gases",3,2,1,4,1
"321200","Carbon dioxide",3,2,1,4,1
"321200","Methane",4,2,1,1,1
"321200","Nitrous oxide",4,2,1,3,1
"321200","Other Greenhouse Gases",3,2,1,3,1
"321910","Carbon dioxide",3,2,1,3,1
"321910","Methane",3,2,1,1,1
"321910","Nitrous oxide",4,2,1,3,1
"321910","Other Greenhouse Gases",4,2,1,5,1
"3219A0","Carbon dioxide",3,2,1,3,1
"3219A0","Methane",4,2,1,1,1
"3219A0","Nitrous oxide",4,2,1,3,1
"3219A0","Other Greenhouse Gases",4,2,1,4,1
"322110","Carbon dioxide",3,2,1,4,1
"322110","Methane",4,2,1,1,1
"322110","Nitrous oxide",4,2,1,3,1
"322110","Other Greenhouse Gases",3,2,1,3,1
"322120","Carbon dioxide",3,2,1,4,1
"322120","Methane",4,2,1,1,1
"322120","Nitrous oxide",4,2,1,3,1
"322120","Other Greenhouse Gases",3,2,1,3,1
"322130","Carbon dioxide",3,2,1,4,1
"322130","Methane",4,2,1,1,1
"322130","Nitrous oxide",4,2,1,3,1
"322130","Other Greenhouse Gases",3,2,1,3,1
"322210","Carbon dioxide",3,2,1,4,1
"322210","Methane",4,2,1,1,1
"322210","Nitrous oxide",4,2,1,3,1
"322210","Other Greenhouse Gases",3,2,1,4,1
"322220","Carbon dioxide",3,2,1,4,1
"322220","Methane",4,2,1,1,1
"322220","Nitrous oxide",3,2,1,3,1
"322220","Other Greenhouse Gases",3,2,1,3,1
"322230","Carbon dioxide",3,2,1,4,1
"322230","Methane",4,2,1,1,1
"322230","Nitrous oxide",4,2,1,3,1
"322230","Other Greenhouse Gases",3,2,1,3,1
"322291","Carbon dioxide",3,2,1,4,1
"322291","Methane",3,2,1,1,1
"322291","Nitrous oxide",4,2,1,3,1
"322291","Other Greenhouse Gases",3,2,1,3,1
"322299","Carbon dioxide",3,2,1,4,1
"322299","Methane",4,2,1,1,1
"322299","Nitrous oxide",4,2,1,3,1
"322299","Other Greenhouse Gases",3,2,1,3,1
"323110","Carbon dioxide",3,2,1,4,1
"323110","Methane",4,2,1,1,1
"323110","Nitrous oxide",4,2,1,3,1
"323110","Other Greenhouse Gases",3,2,1,3,1
"323120","Carbon dioxide",3,2,1,3,1
"323120","Methane",3,2,1,1,1
"323120","Nitrous oxide",3,2,1,3,1
"323120","Other Greenhouse Gases",3,2,1,3,1
"324110","Carbon dioxide",3,2,1,3,1
"324110","Methane",4,2,1,1,1
"324110","Nitrous oxide",3,2,1,3,1
"324110","Other Greenhouse Gases",3,2,1,3,1
"324121","Carbon dioxide",4,2,1,4,1
"324121","Methane",4,2,1,1,1
"324121","Nitrous oxide",4,2,1,3,1
"324121","Other Greenhouse Gases",4,2,1,4,1
"324122","Carbon dioxide",4,2,1,4,1
"324122","Methane",4,2,1,1,1
"324122","Nitrous oxide",4,2,1,3,1
"324122","Other Greenhouse Gases",3,2,1,3,1
"324190","Carbon dioxide",4,2,1,4,1
"324190","Methane",4,2,1,1,1
"324190","Nitrous oxide",4,2,1,3,1
"324190","Other Greenhouse Gases",3,2,1,4,1
"325110","Carbon dioxide",4,2,1,4,1
"325110","Methane",4,2,1,1,1
"325110","Nitrous oxide",3,2,1,3,1
"325110","Other Greenhouse Gases",3,2,1,3,1
"325120","Carbon dioxide",3,2,1,3,1
"325120","Methane",4,2,1,1,1
"325120","Nitrous oxide",3,2,1,3,1
"325120","Other Greenhouse Gases",2,2,1,1,1
"325130","Carbon dioxide",4,2,1,4,1
"325130","Methane",4,2,1,1,1
"325130","Nitrous oxide",3,2,1,3,1
"325130","Other Greenhouse Gases",3,2,1,3,1
"325180","Carbon dioxide",3,2,1,3,1
"325180","Methane",4,2,1,1,1
"325180","Nitrous oxide",3,2,1,2,1
"325180","Other Greenhouse Gases",3,2,1,2,1
"325190","Carbon dioxide",4,2,1,4,1
"325190","Methane",3,2,1,1,1
"325190","Nitrous oxide",3,2,1,3,1
"325190","Other Greenhouse Gases",3,2,1,3,1
"325211","Carbon dioxide",4,2,1,4,1
"325211","Methane",4,2,1,1,1
"325211","Nitrous oxide",3,2,1,3,1
"325211","Other Greenhouse Gases",3,2,1,3,1
"3252A0","Carbon dioxide",4,2,1,3,1
"3252A0","Methane",4,2,1,1,1
"3252A0","Nitrous oxide",3,2,1,3,1
"3252A0","Other Greenhouse Gases",3,2,1,3,1
"325310","Carbon dioxide",3,2,1,3,1
"325310","Methane",4,2,1,1,1
"325310","Nitrous oxide",2,2,1,1,1
"325310","Other Greenhouse Gases",3,2,1,4,1
"325320","Carbon dioxide",4,2,1,4,1
"325320","Methane",3,2,1,1,1
"325320","Nitrous oxide",3,2,1,3,1
"325320","Other Greenhouse Gases",3,2,1,3,1
"325411","Carbon dioxide",4,2,1,2,1
"325411","Methane",3,2,1,1,1
"325411","Nitrous oxide",4,2,1,3,1
"325411","Other Greenhouse Gases",4,2,1,4,1
"325412","Carbon dioxide",3,2,1,3,1
"325412","Methane",3,2,1,1,1
"325412","Nitrous oxide",4,2,1,3,1
"325412","Other Greenhouse Gases",4,2,1,4,1
"325413","Carbon dioxide",3,2,1,3,1
"325413","Methane",3,2,1,1,1
"325413","Nitrous oxide",4,2,1,3,1
"325413","Other Greenhouse Gases",3,2,1,3,1
"325414","Carbon dioxide",3,2,1,4,1
"325414","Methane",3,2,1,1,1
"325414","Nitrous oxide",4,2,1,3,1
"325414","Other Greenhouse Gases",4,2,1,4,1
"325510","Carbon dioxide",4,2,1,4,1
"325510","Methane",4,2,1,1,1
"325510","Nitrous oxide",4,2,1,3,1
"325510","Other Greenhouse Gases",3,2,1,3,1
"325520","Carbon dioxide",4,2,1,4,1
"325520","Methane",4,2,1,1,1
"325520","Nitrous oxide",3,2,1,3,1
"325520","Other Greenhouse Gases",3,2,1,3,1
"325610","Carbon dioxide",4,2,1,4,1
"325610","Methane",4,2,1,1,1
"325610","Nitrous oxide",3,2,1,3,1
"325610","Other Greenhouse Gases",4,2,1,4,1
"325620","Carbon dioxide",3,2,1,4,1
"325620","Methane",4,2,1,1,1
"325620","Nitrous oxide",4,2,1,3,1
"325620","Other Greenhouse Gases",3,2,1,4,1
"325910","Carbon dioxide",4,2,1,4,1
"325910","Methane",4,2,1,1,1
"325910","Nitrous oxide",3,2,1,3,1
"325910","Other Greenhouse Gases",3,2,1,3,1
"3259A0","Carbon dioxide",3,2,1,4,1
"3259A0","Methane",4,2,1,1,1
"3259A0","Nitrous oxide",3,2,1,3,1
"3259A0","Other Greenhouse Gases",4,2,1,4,1
"326110","Carbon dioxide",3,2,1,4,1
"326110","Methane",4,2,1,1,1
"326110","Nitrous oxide",3,2,1,3,1
"326110","Other Greenhouse Gases",3,2,1,3,1
"326120","Carbon dioxide",3,2,1,4,1
"326120","Methane",4,2,1,1,1
"326120","Nitrous oxide",3,2,1,3,1
"326120","Other Greenhouse Gases",3,2,1,3,1
"326130","Carbon dioxide",3,2,1,4,1
"326130","Methane",4,2,1,1,1
"326130","Nitrous oxide",3,2,1,3,1
"326130","Other Greenhouse Gases",3,2,1,2,1
"326140","Carbon dioxide",3,2,1,4,1
"326140","Methane",4,2,1,1,1
"326140","Nitrous oxide",3,2,1,3,1
"326140","Other Greenhouse Gases",3,2,1,3,1
"326150","Carbon dioxide",4,2,1,4,1
"326150","Methane",4,2,1,1,1
"326150","Nitrous oxide",3,2,1,3,1
"326150","Other Greenhouse Gases",4,2,1,5,1
"326160","Carbon dioxide",3,2,1,3,1
"326160","Methane",4,2,1,1,1
"326160","Nitrous oxide",3,2,1,3,1
"326160","Other Greenhouse Gases",3,2,1,4,1
"326190","Carbon dioxide",3,2,1,3,1
"326190","Methane",4,2,1,1,1
"326190","Nitrous oxide",3,2,1,3,1
"326190","Other Greenhouse Gases",3,2,1,4,1
"326210","Carbon dioxide",3,2,1,4,1
"326210","Methane",4,2,1,1,1
"326210","Nitrous oxide",4,2,1,3,1
"326210","Other Greenhouse Gases",3,2,1,3,1
"326220","Carbon dioxide",3,2,1,3,1
"326220","Methane",3,2,1,1,1
"326220","Nitrous oxide",4,2,1,3,1
"326220","Other Greenhouse Gases",3,2,1,3,1
"326290","Carbon dioxide",3,2,1,3,1
"326290","Methane",4,2,1,1,1
"326290","Nitrous oxide",3,2,1,3,1
"326290","Other Greenhouse Gases",3,2,1,3,1
"327100","Carbon dioxide",3,2,1,4,1
"327100","Methane",4,2,1,1,1
"327100","Nitrous oxide",3,2,1,3,1
"327100","Other Greenhouse Gases",3,2,1,3,1
"327200","Carbon dioxide",3,2,1,3,1
"327200","Methane",4,2,1,1,1
"327200","Nitrous oxide",3,2,1,3,1
"327200","Other Greenhouse Gases",3,2,1,4,1
"327310","Carbon dioxide",3,2,1,2,1
"327310","Methane",4,2,1,1,1
"327310","Nitrous oxide",3,2,1,4,1
"327310","Other Greenhouse Gases",3,2,1,3,1
"327320","Carbon dioxide",3,2,1,3,1
"327320","Methane",4,2,1,1,1
"327320","Nitrous oxide",3,2,1,3,1
"327320","Other Greenhouse Gases",3,2,1,4,1
"327330","Carbon dioxide",3,2,1,3,1
"327330","Methane",4,2,1,1,1
"327330","Nitrous oxide",3,2,1,3,1
"327330","Other Greenhouse Gases",3,2,1,4,1
"327390","Carbon dioxide",3,2,1,3,1
"327390","Methane",3,2,1,1,1
"327390","Nitrous oxide",3,2,1,3,1
"327390","Other Greenhouse Gases",3,2,1,3,1
"327400","Carbon dioxide",3,2,1,3,1
"327400","Methane",4,2,1,1,1
"327400","Nitrous oxide",4,2,1,4,1
"327400","Other Greenhouse Gases",3,2,1,3,1
"327910","Carbon dioxide",3,2,1,3,1
"327910","Methane",4,2,1,1,1
"327910","Nitrous oxide",3,2,1,3,1
"327910","Other Greenhouse Gases",3,2,1,3,1
"327991","Carbon dioxide",3,2,1,4,1
"327991","Methane",4,2,1,1,1
"327991","Nitrous oxide",3,2,1,3,1
"327991","Other Greenhouse Gases",3,2,1,4,1
"327992","Carbon dioxide",3,2,1,4,1
"327992","Methane",4,2,1,1,1
"327992","Nitrous oxide",3,2,1,3,1
"327992","Other Greenhouse Gases",3,2,1,3,1
"327993","Carbon dioxide",3,2,1,4,1
"327993","Methane",4,2,1,1,1
"327993","Nitrous oxide",3,2,1,3,1
"327993","Other Greenhouse Gases",3,2,1,3,1
"327999","Carbon dioxide",3,2,1,3,1
"327999","Methane",4,2,1,1,1
"327999","Nitrous oxide",3,2,1,3,1
"327999","Other Greenhouse Gases",3,2,1,4,1
"331110","Carbon dioxide",3,2,1,2,1
"331110","Methane",4,2,1,1,1
"331110","Nitrous oxide",3,2,1,3,1
"331110","Other Greenhouse Gases",3,2,1,2,1
"331200","Carbon dioxide",3,2,1,3,1
"331200","Methane",4,2,1,1,1
"331200","Nitrous oxide",3,2,1,3,1
"331200","Other Greenhouse Gases",3,2,1,2,1
"331313","Carbon dioxide",3,2,1,2,1
"331313","Methane",4,2,1,1,1
"331313","Nitrous oxide",3,2,1,3,1
"331313","Other Greenhouse Gases",2,2,1,1,1
"331314","Carbon dioxide",3,2,1,4,1
"331314","Methane",3,2,1,1,1
"331314","Nitrous oxide",3,2,1,3,1
"331314","Other Greenhouse Gases",2,2,1,1,1
"33131B","Carbon dioxide",3,2,1,3,1
"33131B","Methane",4,2,1,1,1
"33131B","Nitrous oxide",3,2,1,3,1
"33131B","Other Greenhouse Gases",2,2,1,1,1
"331410","Carbon dioxide",3,2,1,3,1
"331410","Methane",4,2,1,1,1
"331410","Nitrous oxide",3,2,1,3,1
"331410","Other Greenhouse Gases",4,2,1,1,1
"331420","Carbon dioxide",3,2,1,3,1
"331420","Methane",3,2,1,1,1
"331420","Nitrous oxide",3,2,1,3,1
"331420","Other Greenhouse Gases",4,2,1,2,1
"331490","Carbon dioxide",3,2,1,3,1
"331490","Methane",4,2,1,1,1
"331490","Nitrous oxide",3,2,1,3,1
"331490","Other Greenhouse Gases",4,2,1,1,1
"331510","Carbon dioxide",3,2,1,3,1
"331510","Methane",3,2,1,1,1
"331510","Nitrous oxide",3,2,1,3,1
"331510","Other Greenhouse Gases",3,2,1,3,1
"331520","Carbon dioxide",3,2,1,3,1
"331520","Methane",4,2,1,1,1
"331520","Nitrous oxide",3,2,1,3,1
"331520","Other Greenhouse Gases",3,2,1,1,1
"332114","Carbon dioxide",3,2,1,2,1
"332114","Methane",4,2,1,1,1
"332114","Nitrous oxide",3,2,1,3,1
"332114","Other Greenhouse Gases",3,2,1,2,1
"332119","Carbon dioxide",3,2,1,3,1
"332119","Methane",4,2,1,1,1
"332119","Nitrous oxide",3,2,1,3,1
"332119","Other Greenhouse Gases",3,2,1,3,1
"33211A","Carbon dioxide",3,2,1,3,1
"33211A","Methane",4,2,1,1,1
"33211A","Nitrous oxide",3,2,1,3,1
"33211A","Other Greenhouse Gases",3,2,1,2,1
"332200","Carbon dioxide",3,2,1,3,1
"332200","Methane",3,2,1,1,1
"332200","Nitrous oxide",3,2,1,3,1
"332200","Other Greenhouse Gases",3,2,1,2,1
"332310","Carbon dioxide",3,2,1,2,1
"332310","Methane",4,2,1,1,1
"332310","Nitrous oxide",3,2,1,3,1
"332310","Other Greenhouse Gases",3,2,1,3,1
"332320","Carbon dioxide",3,2,1,3,1
"332320","Methane",4,2,1,1,1
"332320","Nitrous oxide",3,2,1,3,1
"332320","Other Greenhouse Gases",3,2,1,3,1
"332410","Carbon dioxide",3,2,1,3,1
"332410","Methane",4,2,1,1,1
"332410","Nitrous oxide",3,2,1,3,1
"332410","Other Greenhouse Gases",3,2,1,2,1
"332420","Carbon dioxide",3,2,1,3,1
"332420","Methane",4,2,1,1,1
"332420","Nitrous oxide",3,2,1,3,1
"332420","Other Greenhouse Gases",3,2,1,3,1
"332430","Carbon dioxide",3,2,1,3,1
"332430","Methane",4,2,1,1,1
"332430","Nitrous oxide",3,2,1,3,1
"332430","Other Greenhouse Gases",2,2,1,1,1
"332500","Carbon dioxide",3,2,1,3,1
"332500","Methane",3,2,1,1,1
"332500","Nitrous oxide",3,2,1,3,1
"332500","Other Greenhouse Gases",3,2,1,2,1
"332600","Carbon dioxide",3,2,1,3,1
"332600","Methane",4,2,1,1,1
"332600","Nitrous oxide",3,2,1,3,1
"332600","Other Greenhouse Gases",3,2,1,2,1
"332710","Carbon dioxide",3,2,1,3,1
"332710","Methane",3,2,1,1,1
"332710","Nitrous oxide",3,2,1,3,1
"332710","Other Greenhouse Gases",3,2,1,2,1
"332720","Carbon dioxide",3,2,1,3,1
"332720","Methane",4,2,1,1,1
"332720","Nitrous oxide",3,2,1,3,1
"332720","Other Greenhouse Gases",3,2,1,2,1
"332800","Carbon dioxide",3,2,1,3,1
"332800","Methane",3,2,1,1,1
"332800","Nitrous oxide",3,2,1,3,1
"332800","Other Greenhouse Gases",3,2,1,2,1
"332913","Carbon dioxide",3,2,1,3,1
"332913","Methane",3,2,1,1,1
"332913","Nitrous oxide",3,2,1,3,1
"332913","Other Greenhouse Gases",3,2,1,2,1
"33291A","Carbon dioxide",3,2,1,3,1
"33291A","Methane",3,2,1,1,1
"33291A","Nitrous oxide",3,2,1,3,1
"33291A","Other Greenhouse Gases",3,2,1,2,1
"332991","Carbon dioxide",3,2,1,3,1
"332991","Methane",4,2,1,1,1
"332991","Nitrous oxide",3,2,1,3,1
"332991","Other Greenhouse Gases",3,2,1,3,1
"332996","Carbon dioxide",3,2,1,3,1
"332996","Methane",4,2,1,1,1
"332996","Nitrous oxide",3,2,1,3,1
"332996","Other Greenhouse Gases",3,2,1,3,1
"332999","Carbon dioxide",3,2,1,3,1
"332999","Methane",4,2,1,1,1
"332999","Nitrous oxide",3,2,1,3,1
"332999","Other Greenhouse Gases",3,2,1,2,1
"33299A","Carbon dioxide",3,2,1,3,1
"33299A","Methane",3,2,1,1,1
"33299A","Nitrous oxide",3,2,1,3,1
"33299A","Other Greenhouse Gases",3,2,1,2,1
"333111","Carbon dioxide",3,2,1,3,1
"333111","Methane",4,2,1,1,1
"333111","Nitrous oxide",3,2,1,3,1
"333111","Other Greenhouse Gases",3,2,1,3,1
"333112","Carbon dioxide",3,2,1,3,1
"333112","Methane",4,2,1,1,1
"333112","Nitrous oxide",3,2,1,3,1
"333112","Other Greenhouse Gases",3,2,1,3,1
"333120","Carbon dioxide",3,2,1,3,1
"333120","Methane",4,2,1,1,1
"333120","Nitrous oxide",3,2,1,3,1
"333120","Other Greenhouse Gases",3,2,1,3,1
"333130","Carbon dioxide",3,2,1,3,1
"333130","Methane",4,2,1,1,1
"333130","Nitrous oxide",3,2,1,3,1
"333130","Other Greenhouse Gases",3,2,1,3,1
"333242","Carbon dioxide",3,2,1,3,1
"333242","Methane",3,2,1,1,1
"333242","Nitrous oxide",3,2,1,3,1
"333242","Other Greenhouse Gases",3,2,1,2,1
"33329A","Carbon dioxide",3,2,1,3,1
"33329A","Methane",3,2,1,1,1
"33329A","Nitrous oxide",3,2,1,3,1
"33329A","Other Greenhouse Gases",3,2,1,3,1
"333314","Carbon dioxide",3,2,1,3,1
"333314","Methane",3,2,1,1,1
"333314","Nitrous oxide",3,2,1,3,1
"333314","Other Greenhouse Gases",3,2,1,3,1
"333316","Carbon dioxide",3,2,1,3,1
"333316","Methane",4,2,1,1,1
"333316","Nitrous oxide",3,2,1,3,1
"333316","Other Greenhouse Gases",3,2,1,3,1
"333318","Carbon dioxide",3,2,1,4,1
"333318","Methane",4,2,1,1,1
"333318","Nitrous oxide",3,2,1,3,1
"333318","Other Greenhouse Gases",4,2,1,5,1
"333413","Carbon dioxide",3,2,1,3,1
"333413","Methane",3,2,1,1,1
"333413","Nitrous oxide",3,2,1,3,1
"333413","Other Greenhouse Gases",4,2,1,4,1
"333414","Carbon dioxide",3,2,1,3,1
"333414","Methane",4,2,1,1,1
"333414","Nitrous oxide",3,2,1,3,1
"333414","Other Greenhouse Gases",3,2,1,3,1
"333415","Carbon dioxide",3,2,1,3,1
"333415","Methane",4,2,1,1,1
"333415","Nitrous oxide",3,2,1,3,1
"333415","Other Greenhouse Gases",4,2,1,5,1
"333511","Carbon dioxide",3,2,1,3,1
"333511","Methane",4,2,1,1,1
"333511","Nitrous oxide",3,2,1,3,1
"333511","Other Greenhouse Gases",3,2,1,2,1
"333514","Carbon dioxide",3,2,1,3,1
"333514","Methane",3,2,1,1,1
"333514","Nitrous oxide",3,2,1,3,1
"333514","Other Greenhouse Gases",3,2,1,2,1
"333517","Carbon dioxide",3,2,1,3,1
"333517","Methane",4,2,1,1,1
"333517","Nitrous oxide",3,2,1,3,1
"333517","Other Greenhouse Gases",3,2,1,3,1
"33351B","Carbon dioxide",3,2,1,3,1
"33351B","Methane",4,2,1,1,1
"33351B","Nitrous oxide",3,2,1,3,1
"33351B","Other Greenhouse Gases",3,2,1,2,1
"333611","Carbon dioxide",3,2,1,3,1
"333611","Methane",3,2,1,1,1
"333611","Nitrous oxide",3,2,1,3,1
"333611","Other Greenhouse Gases",3,2,1,3,1
"333612","Carbon dioxide",3,2,1,3,1
"333612","Methane",4,2,1,1,1
"333612","Nitrous oxide",3,2,1,3,1
"333612","Other Greenhouse Gases",3,2,1,3,1
"333613","Carbon dioxide",3,2,1,3,1
"333613","Methane",3,2,1,1,1
"333613","Nitrous oxide",3,2,1,3,1
"333613","Other Greenhouse Gases",3,2,1,2,1
"333618","Carbon dioxide",3,2,1,3,1
"333618","Methane",3,2,1,1,1
"333618","Nitrous oxide",3,2,1,3,1
"333618","Other Greenhouse Gases",4,2,1,4,1
"333912","Carbon dioxide",3,2,1,3,1
"333912","Methane",3,2,1,1,1
"333912","Nitrous oxide",3,2,1,3,1
"333912","Other Greenhouse Gases",3,2,1,2,1
"33391A","Carbon dioxide",3,2,1,3,1
"33391A","Methane",3,2,1,1,1
"33391A","Nitrous oxide",3,2,1,3,1
"33391A","Other Greenhouse Gases",3,2,1,2,1
"333920","Carbon dioxide",3,2,1,3,1
"333920","Methane",4,2,1,1,1
"333920","Nitrous oxide",3,2,1,3,1
"333920","Other Greenhouse Gases",3,2,1,3,1
"333991","Carbon dioxide",3,2,1,3,1
"333991","Methane",4,2,1,1,1
"333991","Nitrous oxide",3,2,1,3,1
"333991","Other Greenhouse Gases",3,2,1,2,1
"333993","Carbon dioxide",3,2,1,3,1
"333993","Methane",3,2,1,1,1
"333993","Nitrous oxide",3,2,1,3,1
"333993","Other Greenhouse Gases",3,2,1,2,1
"333994","Carbon dioxide",3,2,1,3,1
"333994","Methane",3,2,1,1,1
"333994","Nitrous oxide",3,2,1,3,1
"333994","Other Greenhouse Gases",3,2,1,2,1
"33399A","Carbon dioxide",3,2,1,3,1
"33399A","Methane",3,2,1,1,1
"33399A","Nitrous oxide",3,2,1,3,1
"33399A","Other Greenhouse Gases",3,2,1,3,1
"33399B","Carbon dioxide",3,2,1,3,1
"33399B","Methane",4,2,1,1,1
"33399B","Nitrous oxide",3,2,1,3,1
"33399B","Other Greenhouse Gases",3,2,1,2,1
"334111","Carbon dioxide",3,2,1,3,1
"334111","Methane",3,2,1,1,1
"334111","Nitrous oxide",3,2,1,2,1
"334111","Other Greenhouse Gases",2,2,1,1,1
"334112","Carbon dioxide",3,2,1,3,1
"334112","Methane",3,2,1,1,1
"334112","Nitrous oxide",3,2,1,3,1
"334112","Other Greenhouse Gases",2,2,1,2,1
"334118","Carbon dioxide",3,2,1,3,1
"334118","Methane",4,2,1,1,1
"334118","Nitrous oxide",3,2,1,3,1
"334118","Other Greenhouse Gases",3,2,1,2,1
"334210","Carbon dioxide",3,2,1,3,1
"334210","Methane",3,2,1,1,1
"334210","Nitrous oxide",3,2,1,3,1
"334210","Other Greenhouse Gases",3,2,1,2,1
"334220","Carbon dioxide",3,2,1,3,1
"334220","Methane",3,2,1,1,1
"334220","Nitrous oxide",3,2,1,3,1
"334220","Other Greenhouse Gases",3,2,1,2,1
"334290","Carbon dioxide",3,2,1,3,1
"334290","Methane",3,2,1,1,1
"334290","Nitrous oxide",3,2,1,3,1
"334290","Other Greenhouse Gases",3,2,1,2,1
"334300","Carbon dioxide",3,2,1,3,1
"334300","Methane",4,2,1,1,1
"334300","Nitrous oxide",3,2,1,3,1
"334300","Other Greenhouse Gases",3,2,1,4,1
"334413","Carbon dioxide",3,2,1,3,1
"334413","Methane",3,2,1,1,1
"334413","Nitrous oxide",2,2,1,2,1
"334413","Other Greenhouse Gases",2,2,1,1,1
"334418","Carbon dioxide",3,2,1,3,1
"334418","Methane",3,2,1,1,1
"334418","Nitrous oxide",3,2,1,3,1
"334418","Other Greenhouse Gases",2,2,1,2,1
"33441A","Carbon dioxide",3,2,1,3,1
"33441A","Methane",3,2,1,1,1
"33441A","Nitrous oxide",3,2,1,3,1
"33441A","Other Greenhouse Gases",3,2,1,2,1
"334510","Carbon dioxide",3,2,1,3,1
"334510","Methane",3,2,1,1,1
"334510","Nitrous oxide",3,2,1,3,1
"334510","Other Greenhouse Gases",3,2,1,2,1
"334511","Carbon dioxide",3,2,1,3,1
"334511","Methane",3,2,1,1,1
"334511","Nitrous oxide",3,2,1,3,1
"334511","Other Greenhouse Gases",3,2,1,2,1
"334512","Carbon dioxide",3,2,1,3,1
"334512","Methane",3,2,1,1,1
"334512","Nitrous oxide",3,2,1,3,1
"334512","Other Greenhouse Gases",3,2,1,2,1
"334513","Carbon dioxide",3,2,1,3,1
"334513","Methane",3,2,1,1,1
"334513","Nitrous oxide",3,2,1,3,1
"334513","Other Greenhouse Gases",3,2,1,2,1
"334514","Carbon dioxide",3,2,1,3,1
"334514","Methane",3,2,1,1,1
"334514","Nitrous oxide",3,2,1,3,1
"334514","Other Greenhouse Gases",3,2,1,2,1
"334515","Carbon dioxide",3,2,1,3,1
"334515","Methane",3,2,1,1,1
"334515","Nitrous oxide",3,2,1,3,1
"334515","Other Greenhouse Gases",3,2,1,3,1
"334516","Carbon dioxide",3,2,1,3,1
"334516","Methane",3,2,1,1,1
"334516","Nitrous oxide",3,2,1,3,1
"334516","Other Greenhouse Gases",3,2,1,3,1
"334517","Carbon dioxide",3,2,1,3,1
"334517","Methane",3,2,1,1,1
"334517","Nitrous oxide",3,2,1,3,1
"334517","Other Greenhouse Gases",3,2,1,2,1
"33451A","Carbon dioxide",3,2,1,3,1
"33451A","Methane",3,2,1,1,1
"33451A","Nitrous oxide",3,2,1,3,1
"33451A","Other Greenhouse Gases",3,2,1,3,1
"334610","Carbon dioxide",3,2,1,3,1
"334610","Methane",4,2,1,1,1
"334610","Nitrous oxide",3,2,1,3,1
"334610","Other Greenhouse Gases",3,2,1,3,1
"335110","Carbon dioxide",3,2,1,4,1
"335110","Methane",4,2,1,1,1
"335110","Nitrous oxide",3,2,1,3,1
"335110","Other Greenhouse Gases",3,2,1,2,1
"335120","Carbon dioxide",3,2,1,3,1
"335120","Methane",3,2,1,1,1
"335120","Nitrous oxide",3,2,1,3,1
"335120","Other Greenhouse Gases",3,2,1,4,1
"335210","Carbon dioxide",3,2,1,3,1
"335210","Methane",4,2,1,1,1
"335210","Nitrous oxide",3,2,1,3,1
"335210","Other Greenhouse Gases",3,2,1,3,1
"335221","Carbon dioxide",3,2,1,3,1
"335221","Methane",4,2,1,1,1
"335221","Nitrous oxide",3,2,1,3,1
"335221","Other Greenhouse Gases",3,2,1,2,1
"335222","Carbon dioxide",3,2,1,3,1
"335222","Methane",4,2,1,1,1
"335222","Nitrous oxide",3,2,1,3,1
"335222","Other Greenhouse Gases",4,2,1,5,1
"335224","Carbon dioxide",3,2,1,3,1
"335224","Methane",4,2,1,1,1
"335224","Nitrous oxide",3,2,1,3,1
"335224","Other Greenhouse Gases",3,2,1,3,1
"335228","Carbon dioxide",3,2,1,3,1
"335228","Methane",4,2,1,1,1
"335228","Nitrous oxide",3,2,1,3,1
"335228","Other Greenhouse Gases",3,2,1,3,1
"335311","Carbon dioxide",3,2,1,3,1
"335311","Methane",4,2,1,1,1
"335311","Nitrous oxide",3,2,1,3,1
"335311","Other Greenhouse Gases",3,2,1,2,1
"335312","Carbon dioxide",3,2,1,3,1
"335312","Methane",4,2,1,1,1
"335312","Nitrous oxide",3,2,1,3,1
"335312","Other Greenhouse Gases",3,2,1,3,1
"335313","Carbon dioxide",3,2,1,3,1
"335313","Methane",4,2,1,1,1
"335313","Nitrous oxide",3,2,1,3,1
"335313","Other Greenhouse Gases",3,2,1,2,1
"335314","Carbon dioxide",3,2,1,3,1
"335314","Methane",4,2,1,1,1
"335314","Nitrous oxide",3,2,1,3,1
"335314","Other Greenhouse Gases",3,2,1,3,1
"335911","Carbon dioxide",3,2,1,3,1
"335911","Methane",4,2,1,1,1
"335911","Nitrous oxide",3,2,1,3,1
"335911","Other Greenhouse Gases",4,2,1,2,1
"335912","Carbon dioxide",3,2,1,3,1
"335912","Methane",4,2,1,1,1
"335912","Nitrous oxide",3,2,1,3,1
"335912","Other Greenhouse Gases",4,2,1,2,1
"335920","Carbon dioxide",3,2,1,3,1
"335920","Methane",4,2,1,1,1
"335920","Nitrous oxide",3,2,1,3,1
"335920","Other Greenhouse Gases",3,2,1,2,1
"335930","Carbon dioxide",3,2,1,3,1
"335930","Methane",4,2,1,1,1
"335930","Nitrous oxide",3,2,1,3,1
"335930","Other Greenhouse Gases",3,2,1,2,1
"335991","Carbon dioxide",3,2,1,3,1
"335991","Methane",4,2,1,1,1
"335991","Nitrous oxide",3,2,1,3,1
"335991","Other Greenhouse Gases",3,2,1,3,1
"335999","Carbon dioxide",3,2,1,3,1
"335999","Methane",3,2,1,1,1
"335999","Nitrous oxide",3,2,1,3,1
"335999","Other Greenhouse Gases",3,2,1,2,1
"336111","Carbon dioxide",3,2,1,3,1
"336111","Methane",4,2,1,1,1
"336111","Nitrous oxide",3,2,1,3,1
"336111","Other Greenhouse Gases",4,2,1,4,1
"336112","Carbon dioxide",3,2,1,3,1
"336112","Methane",4,2,1,1,1
"336112","Nitrous oxide",3,2,1,3,1
"336112","Other Greenhouse Gases",4,2,1,4,1
"336120","Carbon dioxide",3,2,1,3,1
"336120","Methane",4,2,1,1,1
"336120","Nitrous oxide",3,2,1,3,1
"336120","Other Greenhouse Gases",4,2,1,5,1
"336211","Carbon dioxide",3,2,1,3,1
"336211","Methane",4,2,1,1,1
"336211","Nitrous oxide",3,2,1,3,1
"336211","Other Greenhouse Gases",4,2,1,4,1
"336212","Carbon dioxide",3,2,1,3,1
"336212","Methane",4,2,1,1,1
"336212","Nitrous oxide",3,2,1,3,1
"336212","Other Greenhouse Gases",4,2,1,4,1
"336213","Carbon dioxide",3,2,1,3,1
"336213","Methane",4,2,1,1,1
"336213","Nitrous oxide",3,2,1,3,1
"336213","Other Greenhouse Gases",4,2,1,4,1
"336214","Carbon dioxide",3,2,1,3,1
"336214","Methane",4,2,1,1,1
"336214","Nitrous oxide",3,2,1,3,1
"336214","Other Greenhouse Gases",4,2,1,4,1
"336310","Carbon dioxide",3,2,1,3,1
"336310","Methane",4,2,1,1,1
"336310","Nitrous oxide",3,2,1,3,1
"336310","Other Greenhouse Gases",3,2,1,2,1
"336320","Carbon dioxide",3,2,1,3,1
"336320","Methane",4,2,1,1,1
"336320","Nitrous oxide",3,2,1,3,1
"336320","Other Greenhouse Gases",3,2,1,2,1
"336350","Carbon dioxide",3,2,1,3,1
"336350","Methane",4,2,1,1,1
"336350","Nitrous oxide",3,2,1,3,1
"336350","Other Greenhouse Gases",3,2,1,2,1
"336360","Carbon dioxide",3,2,1,3,1
"336360","Methane",4,2,1,1,1
"336360","Nitrous oxide",4,2,1,4,1
"336360","Other Greenhouse Gases",4,2,1,4,1
"336370","Carbon dioxide",3,2,1,2,1
"336370","Methane",4,2,1,1,1
"336370","Nitrous oxide",3,2,1,3,1
"336370","Other Greenhouse Gases",3,2,1,3,1
"336390","Carbon dioxide",3,2,1,3,1
"336390","Methane",4,2,1,1,1
"336390","Nitrous oxide",3,2,1,3,1
"336390","Other Greenhouse Gases",4,2,1,4,1
"3363A0","Carbon dioxide",3,2,1,3,1
"3363A0","Methane",3,2,1,1,1
"3363A0","Nitrous oxide",3,2,1,3,1
"3363A0","Other Greenhouse Gases",3,2,1,2,1
"336411","Carbon dioxide",3,2,1,3,1
"336411","Methane",3,2,1,1,1
"336411","Nitrous oxide",3,2,1,3,1
"336411","Other Greenhouse Gases",3,2,1,2,1
"336412","Carbon dioxide",3,2,1,3,1
"336412","Methane",3,2,1,1,1
"336412","Nitrous oxide",3,2,1,3,1
"336412","Other Greenhouse Gases",3,2,1,3,1
"336413","Carbon dioxide",3,2,1,3,1
"336413","Methane",3,2,1,1,1
"336413","Nitrous oxide",3,2,1,3,1
"336413","Other Greenhouse Gases",3,2,1,2,1
"336414","Carbon dioxide",3,2,1,3,1
"336414","Methane",3,2,1,1,1
"336414","Nitrous oxide",3,2,1,3,1
"336414","Other Greenhouse Gases",3,2,1,2,1
"33641A","Carbon dioxide",3,2,1,4,1
"33641A","Methane",3,2,1,1,1
"33641A","Nitrous oxide",3,2,1,3,1
"33641A","Other Greenhouse Gases",3,2,1,3,1
"336500","Carbon dioxide",3,2,1,3,1
"336500","Methane",4,2,1,1,1
"336500","Nitrous oxide",3,2,1,3,1
"336500","Other Greenhouse Gases",3,2,1,3,1
"336611","Carbon dioxide",3,2,1,3,1
"336611","Methane",3,2,1,1,1
"336611","Nitrous oxide",3,2,1,3,1
"336611","Other Greenhouse Gases",3,2,1,3,1
"336612","Carbon dioxide",3,2,1,3,1
"336612","Methane",3,2,1,1,1
"336612","Nitrous oxide",3,2,1,3,1
"336612","Other Greenhouse Gases",3,2,1,3,1
"336991","Carbon dioxide",3,2,1,3,1
"336991","Methane",4,2,1,1,1
"336991","Nitrous oxide",3,2,1,3,1
"336991","Other Greenhouse Gases",3,2,1,2,1
"336992","Carbon dioxide",3,2,1,3,1
"336992","Methane",4,2,1,1,1
"336992","Nitrous oxide",3,2,1,3,1
"336992","Other Greenhouse Gases",3,2,1,2,1
"336999","Carbon dioxide",3,2,1,3,1
"336999","Methane",4,2,1,1,1
"336999","Nitrous oxide",3,2,1,3,1
"336999","Other Greenhouse Gases",3,2,1,3,1
"337110","Carbon dioxide",3,2,1,3,1
"337110","Methane",3,2,1,1,1
"337110","Nitrous oxide",3,2,1,3,1
"337110","Other Greenhouse Gases",3,2,1,3,1
"337121","Carbon dioxide",3,2,1,3,1
"337121","Methane",3,2,1,1,1
"337121","Nitrous oxide",4,2,1,3,1
"337121","Other Greenhouse Gases",4,2,1,5,1
"337122","Carbon dioxide",3,2,1,3,1
"337122","Methane",4,2,1,1,1
"337122","Nitrous oxide",4,2,1,3,1
"337122","Other Greenhouse Gases",4,2,1,4,1
"337127","Carbon dioxide",3,2,1,3,1
"337127","Methane",4,2,1,1,1
"337127","Nitrous oxide",3,2,1,3,1
"337127","Other Greenhouse Gases",3,2,1,3,1
"33712N","Carbon dioxide",3,2,1,3,1
"33712N","Methane",4,2,1,1,1
"33712N","Nitrous oxide",3,2,1,3,1
"33712N","Other Greenhouse Gases",3,2,1,3,1
"337215","Carbon dioxide",3,2,1,3,1
"337215","Methane",4,2,1,1,1
"337215","Nitrous oxide",3,2,1,3,1
"337215","Other Greenhouse Gases",3,2,1,3,1
"33721A","Carbon dioxide",3,2,1,3,1
"33721A","Methane",3,2,1,1,1
"33721A","Nitrous oxide",3,2,1,3,1
"33721A","Other Greenhouse Gases",3,2,1,4,1
"337900","Carbon dioxide",3,2,1,3,1
"337900","Methane",3,2,1,1,1
"337900","Nitrous oxide",4,2,1,3,1
"337900","Other Greenhouse Gases",4,2,1,5,1
"339112","Carbon dioxide",3,2,1,3,1
"339112","Methane",3,2,1,1,1
"339112","Nitrous oxide",3,2,1,3,1
"339112","Other Greenhouse Gases",3,2,1,4,1
"339113","Carbon dioxide",3,2,1,3,1
"339113","Methane",3,2,1,1,1
"339113","Nitrous oxide",3,2,1,3,1
"339113","Other Greenhouse Gases",3,2,1,4,1
"339114","Carbon dioxide",3,2,1,3,1
"339114","Methane",4,2,1,1,1
"339114","Nitrous oxide",3,2,1,3,1
"339114","Other Greenhouse Gases",4,2,1,2,1
"339115","Carbon dioxide",3,2,1,3,1
"339115","Methane",3,2,1,1,1
"339115","Nitrous oxide",3,2,1,3,1
"339115","Other Greenhouse Gases",3,2,1,3,1
"339116","Carbon dioxide",3,2,1,3,1
"339116","Methane",3,2,1,1,1
"339116","Nitrous oxide",3,2,1,3,1
"339116","Other Greenhouse Gases",4,2,1,2,1
"339910","Carbon dioxide",3,2,1,3,1
"339910","Methane",3,2,1,1,1
"339910","Nitrous oxide",3,2,1,3,1
"339910","Other Greenhouse Gases",4,2,1,2,1
"339920","Carbon dioxide",3,2,1,3,1
"339920","Methane",3,2,1,1,1
"339920","Nitrous oxide",4,2,1,3,1
"339920","Other Greenhouse Gases",3,2,1,3,1
"339930","Carbon dioxide",3,2,1,3,1
"339930","Methane",4,2,1,1,1
"339930","Nitrous oxide",4,2,1,3,1
"339930","Other Greenhouse Gases",4,2,1,4,1
"339940","Carbon dioxide",3,2,1,4,1
"339940","Methane",4,2,1,1,1
"339940","Nitrous oxide",3,2,1,3,1
"339940","Other Greenhouse Gases",3,2,1,3,1
"339950","Carbon dioxide",3,2,1,3,1
"339950","Methane",4,2,1,1,1
"339950","Nitrous oxide",3,2,1,3,1
"339950","Other Greenhouse Gases",3,2,1,4,1
"339990","Carbon dioxide",3,2,1,3,1
"339990","Methane",3,2,1,1,1
"339990","Nitrous oxide",4,2,1,3,1
"339990","Other Greenhouse Gases",3,2,1,3,1
"4200ID","Carbon dioxide",4,2,1,5,1
"4200ID","Methane",4,2,1,5,1
"4200ID","Nitrous oxide",4,2,1,5,1
"4200ID","Other Greenhouse Gases",4,2,1,5,1
"423100","Carbon dioxide",3,2,1,3,1
"423100","Methane",3,2,1,1,1
"423100","Nitrous oxide",3,2,1,3,1
"423100","Other Greenhouse Gases",3,2,1,4,1
"423400","Carbon dioxide",3,2,1,3,1
"423400","Methane",3,2,1,1,1
"423400","Nitrous oxide",3,2,1,3,1
"423400","Other Greenhouse Gases",3,2,1,4,1
"423600","Carbon dioxide",3,2,1,3,1
"423600","Methane",3,2,1,1,1
"423600","Nitrous oxide",3,2,1,3,1
"423600","Other Greenhouse Gases",4,2,1,4,1
"423800","Carbon dioxide",3,2,1,3,1
"423800","Methane",3,2,1,1,1
"423800","Nitrous oxide",3,2,1,3,1
"423800","Other Greenhouse Gases",4,2,1,4,1
"423A00","Carbon dioxide",3,2,1,3,1
"423A00","Methane",3,2,1,1,1
"423A00","Nitrous oxide",3,2,1,3,1
"423A00","Other Greenhouse Gases",4,2,1,4,1
"424200","Carbon dioxide",3,2,1,3,1
"424200","Methane",3,2,1,1,1
"424200","Nitrous oxide",3,2,1,3,1
"424200","Other Greenhouse Gases",4,2,1,4,1
"424400","Carbon dioxide",3,2,1,3,1
"424400","Methane",4,2,1,1,1
"424400","Nitrous oxide",4,2,1,4,1
"424400","Other Greenhouse Gases",4,2,1,5,1
"424700","Carbon dioxide",3,2,1,3,1
"424700","Methane",3,2,1,1,1
"424700","Nitrous oxide",3,2,1,3,1
"424700","Other Greenhouse Gases",4,2,1,4,1
"424A00","Carbon dioxide",3,2,1,3,1
"424A00","Methane",3,2,1,1,1
"424A00","Nitrous oxide",4,2,1,3,1
"424A00","Other Greenhouse Gases",4,2,1,4,1
"425000","Carbon dioxide",3,2,1,3,1
"425000","Methane",3,2,1,1,1
"425000","Nitrous oxide",4,2,1,3,1
"425000","Other Greenhouse Gases",4,2,1,4,1
"441000","Carbon dioxide",3,2,1,3,1
"441000","Methane",3,2,1,1,1
"441000","Nitrous oxide",3,2,1,3,1
"441000","Other Greenhouse Gases",4,2,1,4,1
"444000","Carbon dioxide",2,2,1,3,1
"444000","Methane",3,2,1,1,1
"444000","Nitrous oxide",3,2,1,3,1
"444000","Other Greenhouse Gases",4,2,1,4,1
"445000","Carbon dioxide",2,2,1,2,1
"445000","Methane",3,2,1,1,1
"445000","Nitrous oxide",4,2,1,4,1
"445000","Other Greenhouse Gases",4,2,1,4,1
"446000","Carbon dioxide",3,2,1,3,1
"446000","Methane",3,2,1,1,1
"446000","Nitrous oxide",3,2,1,3,1
"446000","Other Greenhouse Gases",4,2,1,4,1
"447000","Carbon dioxide",2,2,1,3,1
"447000","Methane",3,2,1,1,1
"447000","Nitrous oxide",3,2,1,3,1
"447000","Other Greenhouse Gases",4,2,1,4,1
"448000","Carbon dioxide",3,2,1,3,1
"448000","Methane",3,2,1,1,1
"448000","Nitrous oxide",3,2,1,3,1
"448000","Other Greenhouse Gases",4,2,1,4,1
"452000","Carbon dioxide",2,2,1,2,1
"452000","Methane",3,2,1,1,1
"452000","Nitrous oxide",3,2,1,3,1
"452000","Other Greenhouse Gases",4,2,1,4,1
"454000","Carbon dioxide",3,2,1,3,1
"454000","Methane",3,2,1,1,1
"454000","Nitrous oxide",3,2,1,3,1
"454000","Other Greenhouse Gases",4,2,1,4,1
"481000","Carbon dioxide",4,2,1,1,1
"481000","Methane",4,2,1,1,1
"481000","Nitrous oxide",4,2,1,4,1
"481000","Other Greenhouse Gases",4,2,1,4,1
"482000","Carbon dioxide",4,2,1,4,1
"482000","Methane",4,2,1,1,1
"482000","Nitrous oxide",4,2,1,4,1
"482000","Other Greenhouse Gases",4,2,1,4,1
"483000","Carbon dioxide",4,2,1,3,1
"483000","Methane",4,2,1,1,1
"483000","Nitrous oxide",4,2,1,4,1
"483000","Other Greenhouse Gases",4,2,1,5,1
"484000","Carbon dioxide",4,2,1,4,1
"484000","Methane",4,2,1,1,1
"484000","Nitrous oxide",4,2,1,4,1
"484000","Other Greenhouse Gases",4,2,1,5,1
"485000","Carbon dioxide",3,2,1,3,1
"485000","Methane",4,2,1,1,1
"485000","Nitrous oxide",4,2,1,4,1
"485000","Other Greenhouse Gases",4,2,1,5,1
"486000","Carbon dioxide",4,2,1,1,1
"486000","Methane",4,2,1,1,1
"486000","Nitrous oxide",3,2,1,3,1
"486000","Other Greenhouse Gases",4,2,1,5,1
"48A000","Carbon dioxide",3,2,1,3,1
"48A000","Methane",4,2,1,1,1
"48A000","Nitrous oxide",4,2,1,4,1
"48A000","Other Greenhouse Gases",4,2,1,4,1
"491000","Carbon dioxide",3,2,1,3,1
"491000","Methane",4,2,1,1,1
"491000","Nitrous oxide",3,2,1,3,1
"491000","Other Greenhouse Gases",4,2,1,4,1
"492000","Carbon dioxide",4,2,1,4,1
"492000","Methane",4,2,1,2,1
"492000","Nitrous oxide",4,2,1,4,1
"492000","Other Greenhouse Gases",4,2,1,4,1
"493000","Carbon dioxide",2,2,1,2,1
"493000","Methane",3,2,1,1,1
"493000","Nitrous oxide",3,2,1,2,1
"493000","Other Greenhouse Gases",3,2,1,3,1
"4B0000","Carbon dioxide",3,2,1,3,1
"4B0000","Methane",3,2,1,1,1
"4B0000","Nitrous oxide",3,2,1,3,1
"4B0000","Other Greenhouse Gases",3,2,1,4,1
"511110","Carbon dioxide",3,2,1,3,1
"511110","Methane",3,2,1,1,1
"511110","Nitrous oxide",3,2,1,3,1
"511110","Other Greenhouse Gases",3,2,1,4,1
"511120","Carbon dioxide",3,2,1,3,1
"511120","Methane",3,2,1,1,1
"511120","Nitrous oxide",4,2,1,3,1
"511120","Other Greenhouse Gases",4,2,1,4,1
"511130","Carbon dioxide",3,2,1,3,1
"511130","Methane",3,2,1,1,1
"511130","Nitrous oxide",3,2,1,3,1
"511130","Other Greenhouse Gases",4,2,1,4,1
"5111A0","Carbon dioxide",3,2,1,3,1
"5111A0","Methane",4,2,1,1,1
"5111A0","Nitrous oxide",3,2,1,3,1
"5111A0","Other Greenhouse Gases",4,2,1,4,1
"511200","Carbon dioxide",3,2,1,3,1
"511200","Methane",3,2,1,1,1
"511200","Nitrous oxide",3,2,1,3,1
"511200","Other Greenhouse Gases",3,2,1,4,1
"512100","Carbon dioxide",3,2,1,3,1
"512100","Methane",3,2,1,1,1
"512100","Nitrous oxide",3,2,1,3,1
"512100","Other Greenhouse Gases",4,2,1,4,1
"512200","Carbon dioxide",3,2,1,3,1
"512200","Methane",3,2,1,1,1
"512200","Nitrous oxide",3,2,1,3,1
"512200","Other Greenhouse Gases",3,2,1,4,1
"515100","Carbon dioxide",3,2,1,3,1
"515100","Methane",3,2,1,1,1
"515100","Nitrous oxide",3,2,1,3,1
"515100","Other Greenhouse Gases",4,2,1,5,1
"515200","Carbon dioxide",3,2,1,3,1
"515200","Methane",3,2,1,1,1
"515200","Nitrous oxide",3,2,1,3,1
"515200","Other Greenhouse Gases",4,2,1,5,1
"517110","Carbon dioxide",3,2,1,3,1
"517110","Methane",3,2,1,1,1
"517110","Nitrous oxide",3,2,1,3,1
"517110","Other Greenhouse Gases",3,2,1,4,1
"517210","Carbon dioxide",3,2,1,3,1
"517210","Methane",3,2,1,1,1
"517210","Nitrous oxide",3,2,1,3,1
"517210","Other Greenhouse Gases",3,2,1,4,1
"517A00","Carbon dioxide",3,2,1,3,1
"517A00","Methane",3,2,1,1,1
"517A00","Nitrous oxide",3,2,1,3,1
"517A00","Other Greenhouse Gases",3,2,1,3,1
"518200","Carbon dioxide",3,2,1,3,1
"518200","Methane",3,2,1,1,1
"518200","Nitrous oxide",3,2,1,3,1
"518200","Other Greenhouse Gases",4,2,1,5,1
"519130","Carbon dioxide",3,2,1,3,1
"519130","Methane",3,2,1,1,1
"519130","Nitrous oxide",4,2,1,3,1
"519130","Other Greenhouse Gases",4,2,1,4,1
"5191A0","Carbon dioxide",3,2,1,3,1
"5191A0","Methane",3,2,1,1,1
"5191A0","Nitrous oxide",3,2,1,3,1
"5191A0","Other Greenhouse Gases",3,2,1,3,1
"522A00","Carbon dioxide",3,2,1,3,1
"522A00","Methane",4,2,1,1,1
"522A00","Nitrous oxide",3,2,1,3,1
"522A00","Other Greenhouse Gases",4,2,1,4,1
"523900","Carbon dioxide",3,2,1,3,1
"523900","Methane",4,2,1,1,1
"523900","Nitrous oxide",3,2,1,3,1
"523900","Other Greenhouse Gases",4,2,1,4,1
"523A00","Carbon dioxide",3,2,1,3,1
"523A00","Methane",3,2,1,1,1
"523A00","Nitrous oxide",3,2,1,3,1
"523A00","Other Greenhouse Gases",4,2,1,4,1
"524113","Carbon dioxide",3,2,1,3,1
"524113","Methane",2,2,1,1,1
"524113","Nitrous oxide",3,2,1,3,1
"524113","Other Greenhouse Gases",4,2,1,4,1
"5241XX","Carbon dioxide",3,2,1,3,1
"5241XX","Methane",3,2,1,1,1
"5241XX","Nitrous oxide",3,2,1,3,1
"5241XX","Other Greenhouse Gases",4,2,1,4,1
"524200","Carbon dioxide",3,2,1,3,1
"524200","Methane",3,2,1,1,1
"524200","Nitrous oxide",3,2,1,3,1
"524200","Other Greenhouse Gases",4,2,1,4,1
"525000","Carbon dioxide",3,2,1,4,1
"525000","Methane",3,2,1,1,1
"525000","Nitrous oxide",4,2,1,3,1
"525000","Other Greenhouse Gases",4,2,1,4,1
"52A000","Carbon dioxide",3,2,1,3,1
"52A000","Methane",3,2,1,1,1
"52A000","Nitrous oxide",3,2,1,3,1
"52A000","Other Greenhouse Gases",4,2,1,4,1
"531HSO","Carbon dioxide",3,2,1,3,1
"531HSO","Methane",3,2,1,1,1
"531HSO","Nitrous oxide",3,2,1,3,1
"531HSO","Other Greenhouse Gases",4,2,1,5,1
"531HST","Carbon dioxide",3,2,1,3,1
"531HST","Methane",3,2,1,1,1
"531HST","Nitrous oxide",3,2,1,3,1
"531HST","Other Greenhouse Gases",4,2,1,5,1
"531ORE","Carbon dioxide",3,2,1,3,1
"531ORE","Methane",3,2,1,1,1
"531ORE","Nitrous oxide",3,2,1,3,1
"531ORE","Other Greenhouse Gases",4,2,1,4,1
"532100","Carbon dioxide",3,2,1,4,1
"532100","Methane",4,2,1,1,1
"532100","Nitrous oxide",4,2,1,3,1
"532100","Other Greenhouse Gases",4,2,1,4,1
"532400","Carbon dioxide",3,2,1,3,1
"532400","Methane",4,2,1,1,1
"532400","Nitrous oxide",4,2,1,3,1
"532400","Other Greenhouse Gases",4,2,1,5,1
"532A00","Carbon dioxide",3,2,1,3,1
"532A00","Methane",4,2,1,1,1
"532A00","Nitrous oxide",3,2,1,3,1
"532A00","Other Greenhouse Gases",4,2,1,4,1
"533000","Carbon dioxide",3,2,1,3,1
"533000","Methane",3,2,1,1,1
"533000","Nitrous oxide",3,2,1,3,1
"533000","Other Greenhouse Gases",4,2,1,4,1
"541100","Carbon dioxide",3,2,1,3,1
"541100","Methane",3,2,1,1,1
"541100","Nitrous oxide",3,2,1,3,1
"541100","Other Greenhouse Gases",4,2,1,4,1
"541200","Carbon dioxide",3,2,1,3,1
"541200","Methane",3,2,1,1,1
"541200","Nitrous oxide",3,2,1,3,1
"541200","Other Greenhouse Gases",4,2,1,4,1
"541300","Carbon dioxide",3,2,1,3,1
"541300","Methane",3,2,1,1,1
"541300","Nitrous oxide",3,2,1,3,1
"541300","Other Greenhouse Gases",3,2,1,4,1
"541400","Carbon dioxide",3,2,1,3,1
"541400","Methane",3,2,1,1,1
"541400","Nitrous oxide",3,2,1,3,1
"541400","Other Greenhouse Gases",3,2,1,4,1
"541511","Carbon dioxide",3,2,1,3,1
"541511","Methane",3,2,1,1,1
"541511","Nitrous oxide",3,2,1,3,1
"541511","Other Greenhouse Gases",3,2,1,3,1
"541512","Carbon dioxide",3,2,1,3,1
"541512","Methane",3,2,1,1,1
"541512","Nitrous oxide",3,2,1,3,1
"541512","Other Greenhouse Gases",4,2,1,5,1
"54151A","Carbon dioxide",3,2,1,3,1
"54151A","Methane",3,2,1,1,1
"54151A","Nitrous oxide",4,2,1,3,1
"54151A","Other Greenhouse Gases",3,2,1,4,1
"541610","Carbon dioxide",3,2,1,3,1
"541610","Methane",3,2,1,1,1
"541610","Nitrous oxide",3,2,1,3,1
"541610","Other Greenhouse Gases",4,2,1,5,1
"5416A0","Carbon dioxide",3,2,1,3,1
"5416A0","Methane",3,2,1,1,1
"5416A0","Nitrous oxide",3,2,1,3,1
"5416A0","Other Greenhouse Gases",4,2,1,4,1
"541700","Carbon dioxide",3,2,1,3,1
"541700","Methane",3,2,1,1,1
"541700","Nitrous oxide",4,2,1,4,1
"541700","Other Greenhouse Gases",4,2,1,4,1
"541800","Carbon dioxide",3,2,1,3,1
"541800","Methane",3,2,1,1,1
"541800","Nitrous oxide",3,2,1,2,1
"541800","Other Greenhouse Gases",4,2,1,4,1
"541920","Carbon dioxide",3,2,1,3,1
"541920","Methane",3,2,1,1,1
"541920","Nitrous oxide",3,2,1,3,1
"541920","Other Greenhouse Gases",4,2,1,4,1
"541940","Carbon dioxide",3,2,1,3,1
"541940","Methane",3,2,1,1,1
"541940","Nitrous oxide",4,2,1,4,1
"541940","Other Greenhouse Gases",3,2,1,4,1
"5419A0","Carbon dioxide",3,2,1,3,1
"5419A0","Methane",3,2,1,1,1
"5419A0","Nitrous oxide",3,2,1,3,1
"5419A0","Other Greenhouse Gases",3,2,1,4,1
"550000","Carbon dioxide",3,2,1,3,1
"550000","Methane",3,2,1,1,1
"550000","Nitrous oxide",3,2,1,3,1
"550000","Other Greenhouse Gases",4,2,1,4,1
"561100","Carbon dioxide",3,2,1,3,1
"561100","Methane",3,2,1,1,1
"561100","Nitrous oxide",3,2,1,3,1
"561100","Other Greenhouse Gases",4,2,1,4,1
"561200","Carbon dioxide",3,2,1,3,1
"561200","Methane",3,2,1,1,1
"561200","Nitrous oxide",3,2,1,3,1
"561200","Other Greenhouse Gases",3,2,1,3,1
"561300","Carbon dioxide",3,2,1,3,1
"561300","Methane",3,2,1,1,1
"561300","Nitrous oxide",3,2,1,3,1
"561300","Other Greenhouse Gases",4,2,1,4,1
"561400","Carbon dioxide",3,2,1,3,1
"561400","Methane",3,2,1,1,1
"561400","Nitrous oxide",3,2,1,3,1
"561400","Other Greenhouse Gases",4,2,1,4,1
"561500","Carbon dioxide",3,2,1,3,1
"561500","Methane",3,2,1,1,1
"561500","Nitrous oxide",3,2,1,3,1
"561500","Other Greenhouse Gases",4,2,1,5,1
"561600","Carbon dioxide",3,2,1,3,1
"561600","Methane",3,2,1,1,1
"561600","Nitrous oxide",3,2,1,3,1
"561600","Other Greenhouse Gases",3,2,1,4,1
"561700","Carbon dioxide",3,2,1,3,1
"561700","Methane",3,2,1,1,1
"561700","Nitrous oxide",3,2,1,2,1
"561700","Other Greenhouse Gases",4,2,1,5,1
"561900","Carbon dioxide",3,2,1,3,1
"561900","Methane",3,2,1,1,1
"561900","Nitrous oxide",4,2,1,3,1
"561900","Other Greenhouse Gases",4,2,1,5,1
"562000","Carbon dioxide",3,2,1,2,1
"562000","Methane",2,2,1,1,1
"562000","Nitrous oxide",4,2,1,1,1
"562000","Other Greenhouse Gases",4,2,1,5,1
"611100","Carbon dioxide",3,2,1,4,1
"611100","Methane",3,2,1,1,1
"611100","Nitrous oxide",4,2,1,3,1
"611100","Other Greenhouse Gases",4,2,1,4,1
"611A00","Carbon dioxide",3,2,1,3,1
"611A00","Methane",3,2,1,1,1
"611A00","Nitrous oxide",4,2,1,3,1
"611A00","Other Greenhouse Gases",4,2,1,5,1
"611B00","Carbon dioxide",3,2,1,3,1
"611B00","Methane",3,2,1,1,1
"611B00","Nitrous oxide",3,2,1,3,1
"611B00","Other Greenhouse Gases",4,2,1,4,1
"621100","Carbon dioxide",3,2,1,3,1
"621100","Methane",3,2,1,1,1
"621100","Nitrous oxide",3,2,1,3,1
"621100","Other Greenhouse Gases",4,2,1,4,1
"621200","Carbon dioxide",3,2,1,3,1
"621200","Methane",3,2,1,1,1
"621200","Nitrous oxide",3,2,1,3,1
"621200","Other Greenhouse Gases",4,2,1,4,1
"621300","Carbon dioxide",3,2,1,3,1
"621300","Methane",3,2,1,1,1
"621300","Nitrous oxide",3,2,1,2,1
"621300","Other Greenhouse Gases",3,2,1,3,1
"621400","Carbon dioxide",3,2,1,3,1
"621400","Methane",3,2,1,1,1
"621400","Nitrous oxide",3,2,1,3,1
"621400","Other Greenhouse Gases",4,2,1,4,1
"621500","Carbon dioxide",3,2,1,3,1
"621500","Methane",3,2,1,1,1
"621500","Nitrous oxide",3,2,1,3,1
"621500","Other Greenhouse Gases",3,2,1,3,1
"621600","Carbon dioxide",3,2,1,3,1
"621600","Methane",3,2,1,1,1
"621600","Nitrous oxide",3,2,1,3,1
"621600","Other Greenhouse Gases",4,2,1,4,1
"621900","Carbon dioxide",3,2,1,3,1
"621900","Methane",3,2,1,1,1
"621900","Nitrous oxide",3,2,1,3,1
"621900","Other Greenhouse Gases",4,2,1,4,1
"622000","Carbon dioxide",3,2,1,3,1
"622000","Methane",3,2,1,1,1
"622000","Nitrous oxide",3,2,1,3,1
"622000","Other Greenhouse Gases",4,2,1,4,1
"623A00","Carbon dioxide",3,2,1,3,1
"623A00","Methane",3,2,1,1,1
"623A00","Nitrous oxide",4,2,1,4,1
"623A00","Other Greenhouse Gases",4,2,1,5,1
"623B00","Carbon dioxide",3,2,1,3,1
"623B00","Methane",3,2,1,1,1
"623B00","Nitrous oxide",4,2,1,4,1
"623B00","Other Greenhouse Gases",4,2,1,5,1
"624100","Carbon dioxide",3,2,1,3,1
"624100","Methane",3,2,1,1,1
"624100","Nitrous oxide",4,2,1,4,1
"624100","Other Greenhouse Gases",4,2,1,4,1
"624400","Carbon dioxide",3,2,1,3,1
"624400","Methane",3,2,1,1,1
"624400","Nitrous oxide",4,2,1,4,1
"624400","Other Greenhouse Gases",4,2,1,4,1
"624A00","Carbon dioxide",3,2,1,3,1
"624A00","Methane",3,2,1,1,1
"624A00","Nitrous oxide",4,2,1,4,1
"624A00","Other Greenhouse Gases",4,2,1,4,1
"711100","Carbon dioxide",3,2,1,3,1
"711100","Methane",3,2,1,1,1
"711100","Nitrous oxide",3,2,1,3,1
"711100","Other Greenhouse Gases",4,2,1,4,1
"711200","Carbon dioxide",3,2,1,3,1
"711200","Methane",3,2,1,1,1
"711200","Nitrous oxide",4,2,1,3,1
"711200","Other Greenhouse Gases",4,2,1,4,1
"711500","Carbon dioxide",3,2,1,3,1
"711500","Methane",3,2,1,1,1
"711500","Nitrous oxide",3,2,1,3,1
"711500","Other Greenhouse Gases",4,2,1,4,1
"711A00","Carbon dioxide",3,2,1,3,1
"711A00","Methane",3,2,1,1,1
"711A00","Nitrous oxide",3,2,1,3,1
"711A00","Other Greenhouse Gases",4,2,1,4,1
"712000","Carbon dioxide",3,2,1,3,1
"712000","Methane",3,2,1,1,1
"712000","Nitrous oxide",3,2,1,3,1
"712000","Other Greenhouse Gases",4,2,1,4,1
"713100","Carbon dioxide",3,2,1,3,1
"713100","Methane",3,2,1,1,1
"713100","Nitrous oxide",4,2,1,3,1
"713100","Other Greenhouse Gases",4,2,1,4,1
"713200","Carbon dioxide",3,2,1,3,1
"713200","Methane",3,2,1,1,1
"713200","Nitrous oxide",4,2,1,3,1
"713200","Other Greenhouse Gases",4,2,1,5,1
"713900","Carbon dioxide",3,2,1,3,1
"713900","Methane",3,2,1,1,1
"713900","Nitrous oxide",4,2,1,3,1
"713900","Other Greenhouse Gases",4,2,1,4,1
"721000","Carbon dioxide",3,2,1,3,1
"721000","Methane",3,2,1,1,1
"721000","Nitrous oxide",4,2,1,4,1
"721000","Other Greenhouse Gases",4,2,1,4,1
"722110","Carbon dioxide",3,2,1,3,1
"722110","Methane",3,2,1,1,1
"722110","Nitrous oxide",4,2,1,4,1
"722110","Other Greenhouse Gases",4,2,1,4,1
"722211","Carbon dioxide",3,2,1,3,1
"722211","Methane",3,2,1,1,1
"722211","Nitrous oxide",4,2,1,4,1
"722211","Other Greenhouse Gases",4,2,1,5,1
"722A00","Carbon dioxide",3,2,1,3,1
"722A00","Methane",3,2,1,1,1
"722A00","Nitrous oxide",4,2,1,4,1
"722A00","Other Greenhouse Gases",4,2,1,5,1
"811100","Carbon dioxide",3,2,1,3,1
"811100","Methane",3,2,1,1,1
"811100","Nitrous oxide",3,2,1,3,1
"811100","Other Greenhouse Gases",3,2,1,3,1
"811200","Carbon dioxide",3,2,1,3,1
"811200","Methane",3,2,1,1,1
"811200","Nitrous oxide",3,2,1,3,1
"811200","Other Greenhouse Gases",2,2,1,2,1
"811300","Carbon dioxide",3,2,1,3,1
"811300","Methane",3,2,1,1,1
"811300","Nitrous oxide",3,2,1,3,1
"811300","Other Greenhouse Gases",4,2,1,5,1
"811400","Carbon dioxide",3,2,1,3,1
"811400","Methane",3,2,1,1,1
"811400","Nitrous oxide",3,2,1,3,1
"811400","Other Greenhouse Gases",4,2,1,4,1
"812100","Carbon dioxide",3,2,1,3,1
"812100","Methane",3,2,1,1,1
"812100","Nitrous oxide",3,2,1,3,1
"812100","Other Greenhouse Gases",4,2,1,4,1
"812200","Carbon dioxide",3,2,1,3,1
"812200","Methane",4,2,1,1,1
"812200","Nitrous oxide",4,2,1,3,1
"812200","Other Greenhouse Gases",4,2,1,4,1
"812300","Carbon dioxide",3,2,1,3,1
"812300","Methane",3,2,1,1,1
"812300","Nitrous oxide",3,2,1,3,1
"812300","Other Greenhouse Gases",4,2,1,4,1
"812900","Carbon dioxide",3,2,1,3,1
"812900","Methane",3,2,1,1,1
"812900","Nitrous oxide",3,2,1,3,1
"812900","Other Greenhouse Gases",4,2,1,4,1
"813100","Carbon dioxide",3,2,1,3,1
"813100","Methane",3,2,1,1,1
"813100","Nitrous oxide",4,2,1,3,1
"813100","Other Greenhouse Gases",4,2,1,4,1
"813A00","Carbon dioxide",3,2,1,3,1
"813A00","Methane",3,2,1,1,1
"813A00","Nitrous oxide",3,2,1,3,1
"813A00","Other Greenhouse Gases",4,2,1,4,1
"813B00","Carbon dioxide",3,2,1,3,1
"813B00","Methane",3,2,1,1,1
"813B00","Nitrous oxide",4,2,1,3,1
"813B00","Other Greenhouse Gases",4,2,1,5,1
"814000","Carbon dioxide",4,2,1,5,1
"814000","Methane",4,2,1,5,1
"814000","Nitrous oxide",4,2,1,5,1
"814000","Other Greenhouse Gases",4,2,1,5,1
